index;mid;display_name
92;/m/0239kh;Cowbell
200;/m/0395lw;Bell
201;/m/03w41f;Church bell
203;/m/0gy1t2s;Bicycle bell
207;/m/0150b9;Change ringing (campanology)
308;/m/0912c9;Vehicle horn,car horn,honking
310;/m/02mfyn;Car alarm
322;/m/03j1ly;Emergency vehicle
323;/m/04qvtq;Police car (siren)
324;/m/012n7d;Ambulance (siren)
325;/m/012ndj;Fire engine,fire truck (siren)
355;/m/03wwcy;Doorbell
388;/m/07pp_mv;Alarm
391;/m/01hnzm;Ringtone
395;/m/046dlr;Alarm clock
396;/m/03kmc9;Siren
397;/m/0dgbq;Civil defense siren
399;/m/01y3hg;Smoke detector,smoke alarm
400;/m/0c3f7m;Fire alarm